therapy_group,mean_sbp,sd_sbp,n
Плацебо,143.34722222222223,11.608002691924497,144
Препарат A,128.20945945945945,11.929642597116812,148
Препарат B,135.18354430379748,11.82884233239991,158
